Position, V_true, V_rec, V_fit, V_rec, V_fit
nm, V, V, V, V, V
, , 5% Noise, 5% Noise, 10% Noise, 10% Noise
  0.000000,   0.000000,   0.012474,   0.042789,   0.052067,   0.003543
  0.100000,   0.000000,   0.022150,   0.042789,   0.033788,   0.003557
  0.200000,   0.000000,   0.027070,   0.042789,   0.015452,   0.003575
  0.300000,   0.000000,   0.035336,   0.042789,  -0.004234,   0.003598
  0.400000,   0.000000,   0.055544,   0.042789,  -0.033368,   0.003626
  0.500000,   0.000000,   0.085623,   0.042789,  -0.067527,   0.003661
  0.600000,   0.000000,   0.113363,   0.042789,  -0.085517,   0.003703
  0.700000,   0.000000,   0.126572,   0.042789,  -0.067543,   0.003756
  0.800000,   0.000000,   0.122970,   0.042789,  -0.015725,   0.003820
  0.900000,   0.000000,   0.111109,   0.042789,   0.041140,   0.003897
  1.000000,   0.000000,   0.101186,   0.042789,   0.067910,   0.003991
  1.100000,   0.000000,   0.096337,   0.042789,   0.056406,   0.004104
  1.200000,   0.000000,   0.093487,   0.042789,   0.030800,   0.004240
  1.300000,   0.000000,   0.090088,   0.042789,   0.019594,   0.004402
  1.400000,   0.000000,   0.088006,   0.042789,   0.030445,   0.004595
  1.500000,   0.000000,   0.090815,   0.042789,   0.046144,   0.004823
  1.600000,   0.000000,   0.098516,   0.042789,   0.043021,   0.005092
  1.700000,   0.000000,   0.105864,   0.042789,   0.016613,   0.005407
  1.800000,   0.000000,   0.105746,   0.042789,  -0.016098,   0.005774
  1.900000,   0.000000,   0.094591,   0.042789,  -0.035611,   0.006202
  2.000000,   0.000001,   0.075416,   0.042789,  -0.034432,   0.006696
  2.100000,   0.000001,   0.056112,   0.042789,  -0.018908,   0.007266
  2.200000,   0.000002,   0.044932,   0.042789,  -0.000018,   0.007918
  2.300000,   0.000003,   0.046215,   0.042789,   0.018271,   0.008663
  2.400000,   0.000005,   0.057745,   0.042789,   0.039901,   0.009508
  2.500000,   0.000008,   0.071350,   0.042789,   0.067499,   0.010464
  2.600000,   0.000013,   0.077877,   0.042789,   0.094977,   0.011539
  2.700000,   0.000021,   0.073803,   0.042789,   0.110916,   0.012742
  2.800000,   0.000034,   0.063864,   0.042789,   0.109199,   0.014082
  2.900000,   0.000052,   0.056836,   0.042789,   0.093138,   0.015567
  3.000000,   0.000080,   0.057779,   0.042789,   0.070397,   0.017205
  3.100000,   0.000120,   0.063486,   0.042789,   0.047099,   0.019002
  3.200000,   0.000180,   0.064963,   0.042790,   0.025507,   0.020965
  3.300000,   0.000265,   0.055059,   0.042791,   0.005329,   0.023097
  3.400000,   0.000387,   0.034818,   0.042792,  -0.012961,   0.025400
  3.500000,   0.000556,   0.012449,   0.042795,  -0.025974,   0.027875
  3.600000,   0.000791,  -0.003612,   0.042801,  -0.028503,   0.030521
  3.700000,   0.001111,  -0.010394,   0.042810,  -0.017552,   0.033333
  3.800000,   0.001541,  -0.010933,   0.042828,   0.003776,   0.036304
  3.900000,   0.002111,  -0.010229,   0.042858,   0.026667,   0.039427
  4.000000,   0.002857,  -0.009564,   0.042908,   0.041225,   0.042688
  4.100000,   0.003818,  -0.004131,   0.042991,   0.042120,   0.046074
  4.200000,   0.005041,   0.013145,   0.043126,   0.032905,   0.049565
  4.300000,   0.006573,   0.043654,   0.043337,   0.025771,   0.053142
  4.400000,   0.008466,   0.077283,   0.043663,   0.034792,   0.056781
  4.500000,   0.010770,   0.097101,   0.044153,   0.066281,   0.060457
  4.600000,   0.013534,   0.093491,   0.044874,   0.112048,   0.064141
  4.700000,   0.016797,   0.072817,   0.045908,   0.151495,   0.067804
  4.800000,   0.020592,   0.052329,   0.047357,   0.164612,   0.071413
  4.900000,   0.024935,   0.046847,   0.049339,   0.145291,   0.074936
  5.000000,   0.029823,   0.056560,   0.051984,   0.104061,   0.078340
  5.100000,   0.035232,   0.067658,   0.055425,   0.062312,   0.081590
  5.200000,   0.041111,   0.068342,   0.059790,   0.040284,   0.084653
  5.300000,   0.047383,   0.062213,   0.065182,   0.042492,   0.087496
  5.400000,   0.053941,   0.064280,   0.071664,   0.055772,   0.090089
  5.500000,   0.060653,   0.084779,   0.079241,   0.063129,   0.092403
  5.600000,   0.067364,   0.116255,   0.087840,   0.057649,   0.094411
  5.700000,   0.073899,   0.139270,   0.097297,   0.047589,   0.096091
  5.800000,   0.080074,   0.142289,   0.107355,   0.048842,   0.097422
  5.900000,   0.085700,   0.131541,   0.117663,   0.067033,   0.098388
  6.000000,   0.090596,   0.121945,   0.127793,   0.090483,   0.098978
  6.100000,   0.094596,   0.121678,   0.137266,   0.102882,   0.099186
  6.200000,   0.097561,   0.125813,   0.145589,   0.099054,   0.099007
  6.300000,   0.099385,   0.125597,   0.152296,   0.091401,   0.098446
  6.400000,   0.100000,   0.121657,   0.156991,   0.099278,   0.097507
  6.500000,   0.099385,   0.123947,   0.159386,   0.126386,   0.096204
  6.600000,   0.097561,   0.139455,   0.159331,   0.154331,   0.094550
  6.700000,   0.094596,   0.162093,   0.156829,   0.160119,   0.092566
  6.800000,   0.090596,   0.176804,   0.152038,   0.136021,   0.090274
  6.900000,   0.085700,   0.174933,   0.145249,   0.096640,   0.087701
  7.000000,   0.080074,   0.161893,   0.136865,   0.066773,   0.084875
  7.100000,   0.073899,   0.148765,   0.127352,   0.057971,   0.081828
  7.200000,   0.067364,   0.140582,   0.117204,   0.060917,   0.078591
  7.300000,   0.060653,   0.133650,   0.106899,   0.062117,   0.075198
  7.400000,   0.053941,   0.122437,   0.096861,   0.061092,   0.071683
  7.500000,   0.047383,   0.106746,   0.087437,   0.068560,   0.068079
  7.600000,   0.041111,   0.090019,   0.078881,   0.089971,   0.064419
  7.700000,   0.035232,   0.072680,   0.071352,   0.113961,   0.060735
  7.800000,   0.029823,   0.051423,   0.064919,   0.121219,   0.057058
  7.900000,   0.024935,   0.026000,   0.059574,   0.104885,   0.053415
  8.000000,   0.020592,   0.004066,   0.055253,   0.076827,   0.049832
  8.100000,   0.016797,  -0.003978,   0.051850,   0.053412,   0.046334
  8.200000,   0.013534,   0.004477,   0.049238,   0.040269,   0.042940
  8.300000,   0.010770,   0.020299,   0.047282,   0.032373,   0.039668
  8.400000,   0.008466,   0.030020,   0.045854,   0.025826,   0.036535
  8.500000,   0.006573,   0.027119,   0.044836,   0.024436,   0.033551
  8.600000,   0.005041,   0.015282,   0.044127,   0.031177,   0.030727
  8.700000,   0.003818,   0.001131,   0.043645,   0.036521,   0.028069
  8.800000,   0.002857,  -0.013090,   0.043326,   0.022624,   0.025581
  8.900000,   0.002111,  -0.027902,   0.043118,  -0.017456,   0.023264
  9.000000,   0.001541,  -0.039941,   0.042987,  -0.066580,   0.021120
  9.100000,   0.001111,  -0.040873,   0.042905,  -0.093336,   0.019145
  9.200000,   0.000791,  -0.025505,   0.042856,  -0.079840,   0.017335
  9.300000,   0.000556,  -0.000038,   0.042827,  -0.040843,   0.015685
  9.400000,   0.000387,   0.021156,   0.042810,  -0.008969,   0.014188
  9.500000,   0.000265,   0.028509,   0.042800,  -0.001042,   0.012838
  9.600000,   0.000180,   0.026070,   0.042795,  -0.004607,   0.011625
  9.700000,   0.000120,   0.027022,   0.042792,   0.005619,   0.010541
  9.800000,   0.000080,   0.040201,   0.042791,   0.037790,   0.009577
  9.900000,   0.000052,   0.061014,   0.042790,   0.069855,   0.008723
 10.000000,   0.000034,   0.076528,   0.042789,   0.075735,   0.007971
 10.100000,   0.000021,   0.078731,   0.042789,   0.055183,   0.007312
 10.200000,   0.000013,   0.071774,   0.042789,   0.030462,   0.006737
 10.300000,   0.000008,   0.067049,   0.042789,   0.024023,   0.006237
 10.400000,   0.000005,   0.071379,   0.042789,   0.036540,   0.005804
 10.500000,   0.000003,   0.079929,   0.042789,   0.044968,   0.005432
 10.600000,   0.000002,   0.081027,   0.042789,   0.028994,   0.005114
 10.700000,   0.000001,   0.067541,   0.042789,  -0.008412,   0.004842
 10.800000,   0.000001,   0.044744,   0.042789,  -0.046205,   0.004611
 10.900000,   0.000000,   0.028156,   0.042789,  -0.061480,   0.004416
 11.000000,   0.000000,   0.030690,   0.042789,  -0.047070,   0.004251
 11.100000,   0.000000,   0.049550,   0.042789,  -0.016197,   0.004114
 11.200000,   0.000000,   0.067260,   0.042789,   0.014533,   0.003999
 11.300000,   0.000000,   0.066373,   0.042789,   0.038648,   0.003904
 11.400000,   0.000000,   0.044311,   0.042789,   0.055707,   0.003825
 11.500000,   0.000000,   0.016222,   0.042789,   0.063923,   0.003760
 11.600000,   0.000000,   0.002422,   0.042789,   0.061327,   0.003707
 11.700000,   0.000000,   0.009956,   0.042789,   0.051242,   0.003664
 11.800000,   0.000000,   0.025817,   0.042789,   0.039756,   0.003628
 11.900000,   0.000000,   0.029809,   0.042789,   0.028289,   0.003600
 12.000000,   0.000000,   0.014718,   0.042789,   0.012371,   0.003577
 12.100000,   0.000000,  -0.007478,   0.042789,  -0.011833,   0.003559
 12.200000,   0.000000,  -0.018909,   0.042789,  -0.039821,   0.003544
 12.300000,   0.000000,  -0.012993,   0.042789,  -0.060834,   0.003532
 12.400000,   0.000000,   0.001366,   0.042789,  -0.068818,   0.003523
 12.500000,   0.000000,   0.010701,   0.042789,  -0.066561,   0.003516
 12.600000,   0.000000,   0.010752,   0.042789,  -0.058575,   0.003510
 12.700000,   0.000000,   0.008151,   0.042789,  -0.043594,   0.003505
 12.800000,   0.000000,   0.009446,  -0.004622,  -0.017150,  -0.029302
 12.900000,   0.000000,   0.012130,  -0.004622,   0.016882,  -0.029302
 13.000000,   0.000000,   0.008503,  -0.004622,   0.042149,  -0.029302
 13.100000,   0.000000,  -0.002760,  -0.004622,   0.043833,  -0.029302
 13.200000,   0.000000,  -0.011510,  -0.004622,   0.023569,  -0.029302
 13.300000,   0.000000,  -0.005080,  -0.004622,  -0.003784,  -0.029302
 13.400000,   0.000000,   0.018107,  -0.004622,  -0.025790,  -0.029302
 13.500000,   0.000000,   0.045926,  -0.004622,  -0.043071,  -0.029302
 13.600000,   0.000000,   0.062457,  -0.004622,  -0.062946,  -0.029302
 13.700000,   0.000000,   0.059584,  -0.004622,  -0.082720,  -0.029302
 13.800000,   0.000000,   0.041533,  -0.004622,  -0.086496,  -0.029302
 13.900000,   0.000000,   0.019799,  -0.004622,  -0.064649,  -0.029301
 14.000000,   0.000000,   0.003125,  -0.004622,  -0.033284,  -0.029301
 14.100000,   0.000000,  -0.007592,  -0.004621,  -0.025899,  -0.029301
 14.200000,   0.000000,  -0.016112,  -0.004621,  -0.061347,  -0.029301
 14.300000,   0.000000,  -0.024874,  -0.004619,  -0.122720,  -0.029301
 14.400000,   0.000000,  -0.031557,  -0.004618,  -0.168866,  -0.029300
 14.500000,   0.000000,  -0.030249,  -0.004615,  -0.169946,  -0.029299
 14.600000,   0.000001,  -0.016105,  -0.004610,  -0.135943,  -0.029297
 14.700000,   0.000001,   0.010361,  -0.004603,  -0.102215,  -0.029295
 14.800000,   0.000003,   0.041680,  -0.004592,  -0.087705,  -0.029290
 14.900000,   0.000004,   0.065256,  -0.004576,  -0.081595,  -0.029284
 15.000000,   0.000007,   0.069973,  -0.004552,  -0.065594,  -0.029274
 15.100000,   0.000012,   0.054516,  -0.004516,  -0.038199,  -0.029260
 15.200000,   0.000021,   0.028815,  -0.004463,  -0.014006,  -0.029238
 15.300000,   0.000033,   0.006700,  -0.004387,  -0.000271,  -0.029206
 15.400000,   0.000054,  -0.002530,  -0.004278,   0.014171,  -0.029159
 15.500000,   0.000086,   0.002089,  -0.004124,   0.040812,  -0.029091
 15.600000,   0.000134,   0.014465,  -0.003908,   0.069447,  -0.028993
 15.700000,   0.000208,   0.025979,  -0.003608,   0.073495,  -0.028855
 15.800000,   0.000318,   0.030155,  -0.003198,   0.042822,  -0.028660
 15.900000,   0.000482,   0.025309,  -0.002642,   0.002376,  -0.028390
 16.000000,   0.000719,   0.015220,  -0.001897,  -0.009406,  -0.028019
 16.100000,   0.001061,   0.007503,  -0.000909,   0.022278,  -0.027515
 16.200000,   0.001546,   0.008736,   0.000386,   0.071958,  -0.026837
 16.300000,   0.002226,   0.019130,   0.002064,   0.098734,  -0.025935
 16.400000,   0.003164,   0.032569,   0.004216,   0.089722,  -0.024747
 16.500000,   0.004444,   0.042964,   0.006942,   0.066972,  -0.023201
 16.600000,   0.006163,   0.050198,   0.010358,   0.056389,  -0.021209
 16.700000,   0.008444,   0.059163,   0.014586,   0.060820,  -0.018673
 16.800000,   0.011426,   0.072591,   0.019761,   0.060501,  -0.015478
 16.900000,   0.015272,   0.085639,   0.026018,   0.037905,  -0.011499
 17.000000,   0.020162,   0.089522,   0.033494,   0.000241,  -0.006599
 17.100000,   0.026291,   0.081049,   0.042317,  -0.027509,  -0.000634
 17.200000,   0.033863,   0.067167,   0.052600,  -0.027937,   0.006545
 17.300000,   0.043080,   0.058858,   0.064434,  -0.006015,   0.015082
 17.400000,   0.054134,   0.060572,   0.077878,   0.016774,   0.025116
 17.500000,   0.067189,   0.067641,   0.092947,   0.021696,   0.036765
 17.600000,   0.082370,   0.075050,   0.109607,   0.009933,   0.050123
 17.700000,   0.099741,   0.086106,   0.127768,   0.003330,   0.065247
 17.800000,   0.119294,   0.109504,   0.147271,   0.028030,   0.082151
 17.900000,   0.140929,   0.147041,   0.167896,   0.093200,   0.100791
 18.000000,   0.164445,   0.187189,   0.189349,   0.179900,   0.121063
 18.100000,   0.189531,   0.215054,   0.211276,   0.251358,   0.142793
 18.200000,   0.215763,   0.227674,   0.233265,   0.280461,   0.165737
 18.300000,   0.242612,   0.237526,   0.254856,   0.270607,   0.189577
 18.400000,   0.269455,   0.260801,   0.275560,   0.250545,   0.213928
 18.500000,   0.295597,   0.300396,   0.294873,   0.246949,   0.238344
 18.600000,   0.320295,   0.341625,   0.312296,   0.257955,   0.262329
 18.700000,   0.342799,   0.366335,   0.327359,   0.257539,   0.285355
 18.800000,   0.362382,   0.368038,   0.339640,   0.232125,   0.306877
 18.900000,   0.378384,   0.354236,   0.348784,   0.205873,   0.326356
 19.000000,   0.390244,   0.338479,   0.354521,   0.222195,   0.343284
 19.100000,   0.397538,   0.330631,   0.356680,   0.299172,   0.357198
 19.200000,   0.400000,   0.332978,   0.355196,   0.401967,   0.367709
 19.300000,   0.397538,   0.342573,   0.350113,   0.466952,   0.374516
 19.400000,   0.390244,   0.353496,   0.341584,   0.458397,   0.377421
 19.500000,   0.378384,   0.357169,   0.329860,   0.395330,   0.376339
 19.600000,   0.362382,   0.345056,   0.315283,   0.328675,   0.371302
 19.700000,   0.342799,   0.314770,   0.298264,   0.296867,   0.362457
 19.800000,   0.320295,   0.274380,   0.279265,   0.298202,   0.350058
 19.900000,   0.295597,   0.239440,   0.258781,   0.304124,   0.334458
 20.000000,   0.269455,   0.221262,   0.237317,   0.295553,   0.316087
 20.100000,   0.242612,   0.215379,   0.215366,   0.279952,   0.295435
 20.200000,   0.215763,   0.205419,   0.193394,   0.275990,   0.273031
 20.300000,   0.189531,   0.179381,   0.171824,   0.289603,   0.249418
 20.400000,   0.164445,   0.139909,   0.151022,   0.308270,   0.225136
 20.500000,   0.140929,   0.100885,   0.131292,   0.314247,   0.200697
 20.600000,   0.119294,   0.075083,   0.112868,   0.297965,   0.176571
 20.700000,   0.099741,   0.064510,   0.095921,   0.260952,   0.153173
 20.800000,   0.082370,   0.063153,   0.080552,   0.210952,   0.130851
 20.900000,   0.067189,   0.066249,   0.066807,   0.155395,   0.109885
 21.000000,   0.054134,   0.073028,   0.054677,   0.098533,   0.090481
 21.100000,   0.043080,   0.081328,   0.044112,   0.042849,   0.072773
 21.200000,   0.033863,   0.083991,   0.035026,  -0.009121,   0.056831
 21.300000,   0.026291,   0.074019,   0.027310,  -0.054858,   0.042669
 21.400000,   0.020162,   0.052439,   0.020837,  -0.092824,   0.030246
 21.500000,   0.015272,   0.028758,   0.015471,  -0.122249,   0.019486
 21.600000,   0.011426,   0.012347,   0.011077,  -0.141507,   0.010279
 21.700000,   0.008444,   0.003182,   0.007521,  -0.147304,   0.002495
 21.800000,   0.006163,  -0.007233,   0.004675,  -0.136247,  -0.004007
 21.900000,   0.004444,  -0.025103,   0.002425,  -0.108593,  -0.009377
 22.000000,   0.003164,  -0.046253,   0.000666,  -0.072198,  -0.013761
 22.100000,   0.002226,  -0.059673,  -0.000694,  -0.041643,  -0.017298
 22.200000,   0.001546,  -0.058143,  -0.001734,  -0.029589,  -0.020121
 22.300000,   0.001061,  -0.044079,  -0.002520,  -0.038017,  -0.022349
 22.400000,   0.000719,  -0.025578,  -0.003107,  -0.058479,  -0.024088
 22.500000,   0.000482,  -0.009251,  -0.003542,  -0.079130,  -0.025430
 22.600000,   0.000318,   0.002117,  -0.003859,  -0.092424,  -0.026455
 22.700000,   0.000208,   0.006886,  -0.004089,  -0.099512,  -0.027229
 22.800000,   0.000134,   0.002965,  -0.004253,  -0.106604,  -0.027807
 22.900000,   0.000086,  -0.009161,  -0.004369,  -0.115026,  -0.028235
 23.000000,   0.000054,  -0.022583,  -0.004451,  -0.116857,  -0.028547
 23.100000,   0.000033,  -0.025592,  -0.004507,  -0.101761,  -0.028774
 23.200000,   0.000021,  -0.009259,  -0.004546,  -0.069162,  -0.028936
 23.300000,   0.000012,   0.025525,  -0.004572,  -0.034419,  -0.029050
 23.400000,   0.000007,   0.067290,  -0.004590,  -0.017377,  -0.029131
 23.500000,   0.000004,   0.099391,  -0.004601,  -0.021619,  -0.029187
 23.600000,   0.000003,   0.108246,  -0.004609,  -0.029097,  -0.029225
 23.700000,   0.000001,   0.090165,  -0.004614,  -0.016435,  -0.029251
 23.800000,   0.000001,   0.053015,  -0.004617,   0.021091,  -0.029269
 23.900000,   0.000000,   0.011840,  -0.004619,   0.060078,  -0.029280
 24.000000,   0.000000,  -0.019931,  -0.004620,   0.067704,  -0.029288
 24.100000,   0.000000,  -0.039510,  -0.004621,   0.030041,  -0.029293
 24.200000,   0.000000,  -0.056277,  -0.004622,  -0.035524,  -0.029296
 24.300000,   0.000000,  -0.082065,  -0.004622,  -0.090597,  -0.029298
 24.400000,   0.000000,  -0.117932,  -0.004622,  -0.105044,  -0.029299
 24.500000,   0.000000,  -0.150172,  -0.004622,  -0.079238,  -0.029300
 24.600000,   0.000000,  -0.161398,  -0.004622,  -0.034639,  -0.029301
 24.700000,   0.000000,  -0.146883,  -0.004622,   0.009228,  -0.029301
 24.800000,   0.000000,  -0.118049,  -0.004622,   0.045076,  -0.029301
 24.900000,   0.000000,  -0.090460,  -0.004622,   0.072913,  -0.029301
 25.000000,   0.000000,  -0.071143,  -0.004622,   0.090429,  -0.029301
 25.100000,   0.000000,  -0.057389,  -0.004622,   0.090895,  -0.029302
 25.200000,   0.000000,  -0.045727,  -0.004622,   0.070008,  -0.029302
 25.300000,   0.000000,  -0.038570,  -0.004622,   0.032862,  -0.029302
 25.400000,   0.000000,  -0.039861,  -0.004622,  -0.005930,  -0.029302
 25.500000,   0.000000,  -0.046478,  -0.004622,  -0.031923,  -0.029302
 25.600000,   0.000000,  -0.048091,  -0.034581,  -0.042712,  -0.054980
 25.700000,   0.000000,  -0.038562,  -0.034581,  -0.046553,  -0.054980
 25.800000,   0.000000,  -0.024781,  -0.034581,  -0.049953,  -0.054980
 25.900000,   0.000000,  -0.018933,  -0.034581,  -0.051043,  -0.054980
 26.000000,   0.000000,  -0.022877,  -0.034581,  -0.044546,  -0.054980
 26.100000,   0.000000,  -0.023222,  -0.034581,  -0.030339,  -0.054979
 26.200000,   0.000000,  -0.005276,  -0.034581,  -0.015195,  -0.054979
 26.300000,   0.000000,   0.026387,  -0.034581,  -0.006189,  -0.054979
 26.400000,   0.000000,   0.047043,  -0.034581,  -0.004625,  -0.054978
 26.500000,   0.000000,   0.034995,  -0.034581,  -0.007323,  -0.054977
 26.600000,   0.000000,  -0.006203,  -0.034581,  -0.011899,  -0.054976
 26.700000,   0.000000,  -0.048538,  -0.034581,  -0.018641,  -0.054973
 26.800000,   0.000000,  -0.064216,  -0.034581,  -0.027628,  -0.054970
 26.900000,   0.000000,  -0.049796,  -0.034581,  -0.036460,  -0.054964
 27.000000,   0.000000,  -0.024694,  -0.034580,  -0.041977,  -0.054956
 27.100000,   0.000000,  -0.009892,  -0.034580,  -0.042288,  -0.054945
 27.200000,   0.000000,  -0.010485,  -0.034580,  -0.035524,  -0.054927
 27.300000,   0.000001,  -0.017151,  -0.034579,  -0.018863,  -0.054902
 27.400000,   0.000001,  -0.021133,  -0.034578,   0.006851,  -0.054866
 27.500000,   0.000003,  -0.022835,  -0.034576,   0.030042,  -0.054814
 27.600000,   0.000005,  -0.026143,  -0.034573,   0.030222,  -0.054740
 27.700000,   0.000008,  -0.030514,  -0.034567,  -0.006111,  -0.054637
 27.800000,   0.000013,  -0.032934,  -0.034558,  -0.067698,  -0.054494
 27.900000,   0.000022,  -0.036120,  -0.034545,  -0.120736,  -0.054296
 28.000000,   0.000036,  -0.048843,  -0.034523,  -0.135967,  -0.054026
 28.100000,   0.000059,  -0.074539,  -0.034489,  -0.114000,  -0.053661
 28.200000,   0.000094,  -0.101541,  -0.034438,  -0.082241,  -0.053170
 28.300000,   0.000150,  -0.110212,  -0.034360,  -0.068088,  -0.052518
 28.400000,   0.000235,  -0.093566,  -0.034244,  -0.075460,  -0.051659
 28.500000,   0.000364,  -0.067414,  -0.034072,  -0.087699,  -0.050537
 28.600000,   0.000557,  -0.056056,  -0.033822,  -0.090100,  -0.049085
 28.700000,   0.000843,  -0.067883,  -0.033461,  -0.082580,  -0.047224
 28.800000,   0.001259,  -0.086157,  -0.032948,  -0.069684,  -0.044861
 28.900000,   0.001857,  -0.086390,  -0.032227,  -0.046488,  -0.041886
 29.000000,   0.002706,  -0.062319,  -0.031226,  -0.004003,  -0.038177
 29.100000,   0.003895,  -0.031629,  -0.029854,   0.051155,  -0.033597
 29.200000,   0.005538,  -0.017230,  -0.027996,   0.092495,  -0.027995
 29.300000,   0.007776,  -0.024393,  -0.025514,   0.097096,  -0.021207
 29.400000,   0.010786,  -0.037036,  -0.022238,   0.073265,  -0.013063
 29.500000,   0.014777,  -0.037144,  -0.017971,   0.057111,  -0.003387
 29.600000,   0.019996,  -0.023300,  -0.012482,   0.073161,   0.007996
 29.700000,   0.026726,  -0.008061,  -0.005515,   0.101785,   0.021252
 29.800000,   0.035284,  -0.002197,   0.003212,   0.096008,   0.036533
 29.900000,   0.046010,  -0.004319,   0.013999,   0.036157,   0.053965
 30.000000,   0.059261,  -0.005068,   0.027153,  -0.038260,   0.073641
 30.100000,   0.075391,   0.001501,   0.042974,  -0.062743,   0.095610
 30.200000,   0.094735,   0.014704,   0.061739,  -0.010142,   0.119869
 30.300000,   0.117581,   0.034198,   0.083680,   0.086743,   0.146351
 30.400000,   0.144147,   0.064454,   0.108963,   0.168428,   0.174919
 30.500000,   0.174547,   0.109111,   0.137664,   0.207062,   0.205362
 30.600000,   0.208764,   0.163137,   0.169747,   0.228867,   0.237389
 30.700000,   0.246625,   0.215807,   0.205042,   0.272694,   0.270631
 30.800000,   0.287779,   0.262340,   0.243229,   0.340145,   0.304643
 30.900000,   0.331679,   0.308531,   0.283829,   0.396046,   0.338911
 31.000000,   0.377585,   0.361238,   0.326201,   0.412744,   0.372863
 31.100000,   0.424571,   0.415462,   0.369549,   0.409197,   0.405885
 31.200000,   0.471547,   0.456082,   0.412944,   0.432041,   0.437335
 31.300000,   0.517294,   0.475779,   0.455347,   0.495750,   0.466567
 31.400000,   0.560516,   0.487447,   0.495651,   0.563239,   0.492948
 31.500000,   0.599898,   0.513998,   0.532727,   0.583035,   0.515886
 31.600000,   0.634169,   0.563356,   0.565474,   0.538972,   0.534848
 31.700000,   0.662172,   0.616078,   0.592873,   0.474552,   0.549382
 31.800000,   0.682928,   0.643585,   0.614041,   0.455544,   0.559134
 31.900000,   0.695692,   0.636174,   0.628277,   0.498831,   0.563863
 32.000000,   0.700000,   0.610400,   0.635101,   0.561950,   0.563454
 32.100000,   0.695692,   0.592253,   0.634280,   0.591482,   0.557915
 32.200000,   0.682928,   0.591288,   0.625842,   0.566093,   0.547385
 32.300000,   0.662172,   0.592078,   0.610074,   0.511180,   0.532121
 32.400000,   0.634169,   0.575001,   0.587507,   0.474524,   0.512495
 32.500000,   0.599898,   0.538861,   0.558884,   0.475990,   0.488973
 32.600000,   0.560516,   0.500104,   0.525122,   0.493266,   0.462098
 32.700000,   0.517294,   0.474286,   0.487260,   0.494268,   0.432471
 32.800000,   0.471547,   0.458740,   0.446412,   0.465871,   0.400728
 32.900000,   0.424571,   0.435759,   0.403706,   0.416600,   0.367516
 33.000000,   0.377585,   0.393282,   0.360237,   0.361571,   0.333473
 33.100000,   0.331679,   0.336913,   0.317023,   0.306852,   0.299209
 33.200000,   0.287779,   0.282492,   0.274969,   0.249692,   0.265287
 33.300000,   0.246625,   0.240701,   0.234837,   0.191169,   0.232210
 33.400000,   0.208764,   0.209211,   0.197234,   0.141654,   0.200412
 33.500000,   0.174547,   0.179658,   0.162604,   0.111615,   0.170249
 33.600000,   0.144147,   0.148959,   0.131235,   0.100221,   0.142000
 33.700000,   0.117581,   0.119915,   0.103267,   0.095440,   0.115865
 33.800000,   0.094735,   0.093286,   0.078709,   0.086020,   0.091967
 33.900000,   0.075391,   0.064398,   0.057464,   0.072370,   0.070363
 34.000000,   0.059261,   0.029981,   0.039350,   0.062727,   0.051048
 34.100000,   0.046010,  -0.003771,   0.024124,   0.059304,   0.033965
 34.200000,   0.035284,  -0.025155,   0.011502,   0.052087,   0.019015
 34.300000,   0.026726,  -0.030307,   0.001182,   0.027418,   0.006067
 34.400000,   0.019996,  -0.028620,  -0.007144,  -0.016112,  -0.005034
 34.500000,   0.014777,  -0.032839,  -0.013771,  -0.059876,  -0.014455
 34.600000,   0.010786,  -0.044689,  -0.018978,  -0.077489,  -0.022372
 34.700000,   0.007776,  -0.051577,  -0.023015,  -0.057679,  -0.028960
 34.800000,   0.005538,  -0.040617,  -0.026106,  -0.013891,  -0.034389
 34.900000,   0.003895,  -0.015570,  -0.028441,   0.028121,  -0.038821
 35.000000,   0.002706,   0.005121,  -0.030184,   0.050558,  -0.042404
 35.100000,   0.001857,   0.006344,  -0.031468,   0.052297,  -0.045274
 35.200000,   0.001259,  -0.010143,  -0.032402,   0.042069,  -0.047551
 35.300000,   0.000843,  -0.028201,  -0.033073,   0.027499,  -0.049341
 35.400000,   0.000557,  -0.032854,  -0.033549,   0.010665,  -0.050735
 35.500000,   0.000364,  -0.022811,  -0.033883,  -0.008822,  -0.051811
 35.600000,   0.000235,  -0.007428,  -0.034114,  -0.029430,  -0.052634
 35.700000,   0.000150,   0.004017,  -0.034273,  -0.047332,  -0.053258
 35.800000,   0.000094,   0.007519,  -0.034379,  -0.058852,  -0.053726
 35.900000,   0.000059,   0.002112,  -0.034451,  -0.062524,  -0.054075
 36.000000,   0.000036,  -0.013050,  -0.034498,  -0.060517,  -0.054332
 36.100000,   0.000022,  -0.037118,  -0.034528,  -0.059731,  -0.054520
 36.200000,   0.000013,  -0.064256,  -0.034548,  -0.070300,  -0.054656
 36.300000,   0.000008,  -0.084628,  -0.034561,  -0.098938,  -0.054754
 36.400000,   0.000005,  -0.091029,  -0.034568,  -0.140025,  -0.054823
 36.500000,   0.000003,  -0.084689,  -0.034573,  -0.175010,  -0.054872
 36.600000,   0.000001,  -0.072299,  -0.034576,  -0.186156,  -0.054907
 36.700000,   0.000001,  -0.057690,  -0.034578,  -0.171659,  -0.054930
 36.800000,   0.000000,  -0.039162,  -0.034579,  -0.145138,  -0.054947
 36.900000,   0.000000,  -0.015304,  -0.034580,  -0.120812,  -0.054958
 37.000000,   0.000000,   0.008636,  -0.034580,  -0.099683,  -0.054965
 37.100000,   0.000000,   0.022714,  -0.034581,  -0.071459,  -0.054970
 37.200000,   0.000000,   0.021337,  -0.034581,  -0.030974,  -0.054974
 37.300000,   0.000000,   0.009146,  -0.034581,   0.009765,  -0.054976
 37.400000,   0.000000,  -0.002434,  -0.034581,   0.027734,  -0.054977
 37.500000,   0.000000,  -0.004166,  -0.034581,   0.008561,  -0.054978
 37.600000,   0.000000,   0.004514,  -0.034581,  -0.038212,  -0.054979
 37.700000,   0.000000,   0.015909,  -0.034581,  -0.087498,  -0.054979
 37.800000,   0.000000,   0.019569,  -0.034581,  -0.124020,  -0.054980
 37.900000,   0.000000,   0.008440,  -0.034581,  -0.151560,  -0.054980
 38.000000,   0.000000,  -0.017337,  -0.034581,  -0.176193,  -0.054980
 38.100000,   0.000000,  -0.049709,  -0.034581,  -0.187628,  -0.054980
 38.200000,   0.000000,  -0.075285,  -0.034581,  -0.161870,  -0.054980
 38.300000,   0.000000,  -0.081855,  -0.034581,  -0.086179,  -0.054980
 38.400000,   0.000000,  -0.067053,  -0.026026,   0.018532,  -0.038951
 38.500000,   0.000000,  -0.041530,  -0.026026,   0.107421,  -0.038951
 38.600000,   0.000000,  -0.020342,  -0.026026,   0.147398,  -0.038951
 38.700000,   0.000000,  -0.009808,  -0.026026,   0.139021,  -0.038951
 38.800000,   0.000000,  -0.003864,  -0.026026,   0.106501,  -0.038951
 38.900000,   0.000000,   0.007115,  -0.026026,   0.073505,  -0.038951
 39.000000,   0.000000,   0.024649,  -0.026026,   0.047375,  -0.038951
 39.100000,   0.000000,   0.039434,  -0.026026,   0.021371,  -0.038951
 39.200000,   0.000000,   0.040143,  -0.026026,  -0.012151,  -0.038951
 39.300000,   0.000000,   0.023699,  -0.026026,  -0.052887,  -0.038951
 39.400000,   0.000000,  -0.003196,  -0.026026,  -0.092960,  -0.038951
 39.500000,   0.000000,  -0.030040,  -0.026026,  -0.120375,  -0.038951
 39.600000,   0.000000,  -0.048639,  -0.026026,  -0.123494,  -0.038951
 39.700000,   0.000000,  -0.055653,  -0.026026,  -0.099035,  -0.038951
 39.800000,   0.000000,  -0.052885,  -0.026026,  -0.058637,  -0.038951
 39.900000,   0.000000,  -0.046672,  -0.026025,  -0.024065,  -0.038951
 40.000000,   0.000001,  -0.045157,  -0.026025,  -0.012251,  -0.038951
 40.100000,   0.000001,  -0.052718,  -0.026024,  -0.022736,  -0.038951
 40.200000,   0.000002,  -0.065192,  -0.026022,  -0.039733,  -0.038951
 40.300000,   0.000004,  -0.072531,  -0.026020,  -0.050164,  -0.038951
 40.400000,   0.000006,  -0.069457,  -0.026015,  -0.060776,  -0.038950
 40.500000,   0.000011,  -0.062696,  -0.026008,  -0.093082,  -0.038950
 40.600000,   0.000019,  -0.064779,  -0.025996,  -0.156869,  -0.038949
 40.700000,   0.000031,  -0.079898,  -0.025977,  -0.230258,  -0.038947
 40.800000,   0.000051,  -0.096819,  -0.025947,  -0.272938,  -0.038945
 40.900000,   0.000084,  -0.098817,  -0.025901,  -0.259354,  -0.038940
 41.000000,   0.000135,  -0.081553,  -0.025830,  -0.197199,  -0.038931
 41.100000,   0.000214,  -0.056965,  -0.025721,  -0.120316,  -0.038916
 41.200000,   0.000335,  -0.039029,  -0.025558,  -0.062917,  -0.038891
 41.300000,   0.000520,  -0.029161,  -0.025316,  -0.034316,  -0.038850
 41.400000,   0.000796,  -0.017077,  -0.024962,  -0.020418,  -0.038782
 41.500000,   0.001204,   0.003610,  -0.024449,  -0.006487,  -0.038674
 41.600000,   0.001798,   0.023723,  -0.023716,   0.007846,  -0.038503
 41.700000,   0.002653,   0.027039,  -0.022682,   0.012308,  -0.038237
 41.800000,   0.003866,   0.009782,  -0.021242,  -0.000252,  -0.037828
 41.900000,   0.005564,  -0.011595,  -0.019261,  -0.026687,  -0.037212
 42.000000,   0.007911,  -0.014487,  -0.016571,  -0.058549,  -0.036295
 42.100000,   0.011109,   0.007839,  -0.012963,  -0.085492,  -0.034954
 42.200000,   0.015408,   0.040742,  -0.008190,  -0.091957,  -0.033021
 42.300000,   0.021110,   0.063835,  -0.001954,  -0.061740,  -0.030281
 42.400000,   0.028566,   0.069097,   0.006086,   0.002790,  -0.026456
 42.500000,   0.038180,   0.064485,   0.016313,   0.072999,  -0.021203
 42.600000,   0.050406,   0.063175,   0.029149,   0.114074,  -0.014105
 42.700000,   0.065729,   0.071894,   0.045043,   0.108926,  -0.004667
 42.800000,   0.084658,   0.089555,   0.064454,   0.072004,   0.007675
 42.900000,   0.107701,   0.113222,   0.087829,   0.045603,   0.023550
 43.000000,   0.135335,   0.141336,   0.115580,   0.063935,   0.043625
 43.100000,   0.167973,   0.171586,   0.148053,   0.120133,   0.068579
 43.200000,   0.205924,   0.199658,   0.185488,   0.181472,   0.099062
 43.300000,   0.249352,   0.222979,   0.227993,   0.223971,   0.135639
 43.400000,   0.298234,   0.245367,   0.275499,   0.249411,   0.178736
 43.500000,   0.352322,   0.275816,   0.327737,   0.277172,   0.228570
 43.600000,   0.411112,   0.321555,   0.384209,   0.318841,   0.285086
 43.700000,   0.473827,   0.383379,   0.444177,   0.366663,   0.347899
 43.800000,   0.539408,   0.457863,   0.506657,   0.408530,   0.416249
 43.900000,   0.606531,   0.541671,   0.570437,   0.446205,   0.488976
 44.000000,   0.673638,   0.631721,   0.634105,   0.497052,   0.564522
 44.100000,   0.738991,   0.721857,   0.696091,   0.574862,   0.640961
 44.200000,   0.800737,   0.801994,   0.754733,   0.671181,   0.716072
 44.300000,   0.856997,   0.862470,   0.808343,   0.763070,   0.787427
 44.400000,   0.905955,   0.899970,   0.855288,   0.832778,   0.852524
 44.500000,   0.945959,   0.919587,   0.894072,   0.877944,   0.908925
 44.600000,   0.975611,   0.930604,   0.923419,   0.910540,   0.954406
 44.700000,   0.993846,   0.939354,   0.942333,   0.945072,   0.987105
 44.800000,   1.000000,   0.945753,   0.950165,   0.985053,   1.005646
 44.900000,   0.993846,   0.945253,   0.946642,   1.021911,   1.009234
 45.000000,   0.975611,   0.932481,   0.931886,   1.043031,   0.997715
 45.100000,   0.945959,   0.903613,   0.906409,   1.039323,   0.971585
 45.200000,   0.905955,   0.857750,   0.871078,   1.008985,   0.931953
 45.300000,   0.856997,   0.798205,   0.827071,   0.955240,   0.880466
 45.400000,   0.800737,   0.732862,   0.775810,   0.880959,   0.819194
 45.500000,   0.738991,   0.671670,   0.718885,   0.787984,   0.750491
 45.600000,   0.673638,   0.621347,   0.657971,   0.681889,   0.676849
 45.700000,   0.606531,   0.581337,   0.594752,   0.574656,   0.600747
 45.800000,   0.539408,   0.545476,   0.530838,   0.479277,   0.524518
 45.900000,   0.473827,   0.507619,   0.467709,   0.401629,   0.450238
 46.000000,   0.411112,   0.464545,   0.406657,   0.339199,   0.379645
 46.100000,   0.352322,   0.413876,   0.348755,   0.285219,   0.314090
 46.200000,   0.298234,   0.352295,   0.294835,   0.232005,   0.254522
 46.300000,   0.249352,   0.278853,   0.245485,   0.173757,   0.201497
 46.400000,   0.205924,   0.200450,   0.201059,   0.111111,   0.155221
 46.500000,   0.167973,   0.131315,   0.161699,   0.054238,   0.115597
 46.600000,   0.135335,   0.083799,   0.127361,   0.018238,   0.082291
 46.700000,   0.107701,   0.059653,   0.097849,   0.010817,   0.054795
 46.800000,   0.084658,   0.050781,   0.072855,   0.023605,   0.032493
 46.900000,   0.065729,   0.046168,   0.051988,   0.038161,   0.014714
 47.000000,   0.050406,   0.037159,   0.034810,   0.040480,   0.000780
 47.100000,   0.038180,   0.018973,   0.020864,   0.029278,  -0.009959
 47.200000,   0.028566,  -0.008578,   0.009696,   0.013319,  -0.018100
 47.300000,   0.021110,  -0.039349,   0.000872,   0.002764,  -0.024170
 47.400000,   0.015408,  -0.061277,  -0.006007,   0.002059,  -0.028624
 47.500000,   0.011109,  -0.063746,  -0.011300,   0.008909,  -0.031839
 47.600000,   0.007911,  -0.049059,  -0.015319,   0.016916,  -0.034124
 47.700000,   0.005564,  -0.034155,  -0.018332,   0.018005,  -0.035722
 47.800000,   0.003866,  -0.035720,  -0.020561,   0.005828,  -0.036822
 47.900000,   0.002653,  -0.053232,  -0.022189,  -0.018818,  -0.037567
 48.000000,   0.001798,  -0.067480,  -0.023364,  -0.046161,  -0.038065
 48.100000,   0.001204,  -0.058255,  -0.024200,  -0.064768,  -0.038391
 48.200000,   0.000796,  -0.026460,  -0.024788,  -0.072639,  -0.038603
 48.300000,   0.000520,   0.006051,  -0.025197,  -0.080149,  -0.038737
 48.400000,   0.000335,   0.019651,  -0.025477,  -0.100158,  -0.038822
 48.500000,   0.000214,   0.013830,  -0.025667,  -0.133635,  -0.038874
 48.600000,   0.000135,   0.002774,  -0.025793,  -0.165920,  -0.038906
 48.700000,   0.000084,  -0.001977,  -0.025877,  -0.179312,  -0.038925
 48.800000,   0.000051,  -0.003379,  -0.025932,  -0.168247,  -0.038936
 48.900000,   0.000031,  -0.011233,  -0.025967,  -0.140148,  -0.038943
 49.000000,   0.000019,  -0.025805,  -0.025990,  -0.104518,  -0.038946
 49.100000,   0.000011,  -0.034856,  -0.026004,  -0.066530,  -0.038948
 49.200000,   0.000006,  -0.027669,  -0.026013,  -0.031622,  -0.038950
 49.300000,   0.000004,  -0.009885,  -0.026018,  -0.010220,  -0.038950
 49.400000,   0.000002,  -0.000823,  -0.026021,  -0.010676,  -0.038951
 49.500000,   0.000001,  -0.014319,  -0.026023,  -0.026637,  -0.038951
 49.600000,   0.000001,  -0.044356,  -0.026025,  -0.037225,  -0.038951
 49.700000,   0.000000,  -0.071237,  -0.026025,  -0.025316,  -0.038951
 49.800000,   0.000000,  -0.080913,  -0.026026,   0.004024,  -0.038951
 49.900000,   0.000000,  -0.075538,  -0.026026,   0.026873,  -0.038951
 50.000000,   0.000000,  -0.065451,  -0.026026,   0.024636,  -0.038951
 50.100000,   0.000000,  -0.055045,  -0.026026,   0.003210,  -0.038951
 50.200000,   0.000000,  -0.039035,  -0.026026,  -0.014301,  -0.038951
 50.300000,   0.000000,  -0.012612,  -0.026026,  -0.013009,  -0.038951
 50.400000,   0.000000,   0.017155,  -0.026026,  -0.001420,  -0.038951
 50.500000,   0.000000,   0.034070,  -0.026026,   0.000378,  -0.038951
 50.600000,   0.000000,   0.027379,  -0.026026,  -0.014980,  -0.038951
 50.700000,   0.000000,   0.002836,  -0.026026,  -0.035369,  -0.038951
 50.800000,   0.000000,  -0.019821,  -0.026026,  -0.046649,  -0.038951
 50.900000,   0.000000,  -0.022112,  -0.026026,  -0.048748,  -0.038951
 51.000000,   0.000000,  -0.002689,  -0.026026,  -0.050519,  -0.038951
 51.100000,   0.000000,   0.020767,  -0.026026,  -0.053356,  -0.038951
